Workbook
Name GrandTotal: Sales!$F$14
Name Regions: Sales!$B$1:$E$1
Name SalesTotals: Sales!$F$2:$F$13

Sheet Sales
A1: Month | B1: North | C1: South | D1: East | E1: West | F1: Total | G1: Trend | H1: Growth
A2: Jan | B2: 1200 | C2: 1653 | D2: 2106 | E2: 2559 | F2: =SUM(B2:E2) -> 7518
A3: Feb | B3: 1414 | C3: 1867 | D3: 2320 | E3: 2773 | F3: =SUM(B3:E3) -> 8374 | H3: =IFERROR((F3-F2)/F2,0) -> 0.11386007
A4: Mar | B4: 1628 | C4: 2081 | D4: 2534 | E4: 2987 | F4: =SUM(B4:E4) -> 9230 | H4: =IFERROR((F4-F3)/F3,0) -> 0.10222116
A5: Apr | B5: 1842 | C5: 2295 | D5: 2748 | E5: 3201 | F5: =SUM(B5:E5) -> 10086 | H5: =IFERROR((F5-F4)/F4,0) -> 0.092741062
A6: May | B6: 2056 | C6: 2509 | D6: 2962 | E6: 3415 | F6: =SUM(B6:E6) -> 10942 | H6: =IFERROR((F6-F5)/F5,0) -> 0.084870117
A7: Jun | B7: 2270 | C7: 2723 | D7: 3176 | E7: 3629 | F7: =SUM(B7:E7) -> 11798 | H7: =IFERROR((F7-F6)/F6,0) -> 0.078230671
A8: Jul | B8: 2484 | C8: 2937 | D8: 3390 | E8: 3843 | F8: =SUM(B8:E8) -> 12654 | H8: =IFERROR((F8-F7)/F7,0) -> 0.07255467
A9: Aug | B9: 2698 | C9: 3151 | D9: 3604 | E9: 4057 | F9: =SUM(B9:E9) -> 13510 | H9: =IFERROR((F9-F8)/F8,0) -> 0.067646594
A10: Sep | B10: 2912 | C10: 3365 | D10: 3818 | E10: 4271 | F10: =SUM(B10:E10) -> 14366 | H10: =IFERROR((F10-F9)/F9,0) -> 0.063360474
A11: Oct | B11: 3126 | C11: 3579 | D11: 4032 | E11: 3418 | F11: =SUM(B11:E11) -> 14155 | H11: =IFERROR((F11-F10)/F10,0) -> -0.014687456
A12: Nov | B12: 3340 | C12: 3793 | D12: 4246 | E12: 3632 | F12: =SUM(B12:E12) -> 15011 | H12: =IFERROR((F12-F11)/F11,0) -> 0.060473331
A13: Dec | B13: 3554 | C13: 4007 | D13: 3393 | E13: 3846 | F13: =SUM(B13:E13) -> 14800 | H13: =IFERROR((F13-F12)/F12,0) -> -0.014056359
A14: Total | B14: =SUM(B2:B13) -> 28524 | C14: =SUM(C2:C13) -> 33960 | D14: =SUM(D2:D13) -> 38329 | E14: =SUM(E2:E13) -> 41631 | F14: =SUM(F2:F13) -> 142444
A15: Average | B15: =AVERAGE(B2:B13) -> 2377 | C15: =AVERAGE(C2:C13) -> 2830 | D15: =AVERAGE(D2:D13) -> 3194.0833 | E15: =AVERAGE(E2:E13) -> 3469.25 | F15: =AVERAGE(F2:F13) -> 11870.333
A16: Best | B16: =MAX(B2:B13) -> 3554 | C16: =MAX(C2:C13) -> 4007 | D16: =MAX(D2:D13) -> 4246 | E16: =MAX(E2:E13) -> 4271 | F16: =MAX(F2:F13) -> 15011
A17: Worst | B17: =MIN(B2:B13) -> 1200 | C17: =MIN(C2:C13) -> 1653 | D17: =MIN(D2:D13) -> 2106 | E17: =MIN(E2:E13) -> 2559 | F17: =MIN(F2:F13) -> 7518
A19: Rutba Office
A21: Approved? | B21: Yes

Sheet Summary
A1: Summary of the year
A3: Grand total | B3: =SUM(Sales!F2:F13) -> 142444
A4: Grand total, by name | B4: =GrandTotal -> 142444
A5: Best month | B5: =INDEX(Sales!A2:A13,MATCH(MAX(Sales!F2:F13),Sales!F2:F13,0)) -> Nov
A6: March, looked up | B6: =VLOOKUP("Mar",Sales!A2:F13,6,FALSE) -> 9230
A7: Months over 8,000 | B7: =COUNTIF(Sales!F2:F13,">8000") -> 11
A8: J-months, summed | B8: =SUMIF(Sales!A2:A13,"J*",Sales!F2:F13) -> 31970
A9: North share | B9: =Sales!B14/GrandTotal -> 0.20024711
A10: Average month, by name | B10: =AVERAGE(SalesTotals) -> 11870.333
A11: Verdict | B11: =IF(GrandTotal>90000,"On target","Below target") -> On target
A12: As text | B12: =TEXT(GrandTotal,"#,##0.00") -> 142,444.00
A13: Data types, added | B13: ='Data types'!B2+'Data types'!B3 -> 45.14159
A14: Table total | B14: =SUM(Table!D2:D7) -> 4210.65
A15: Rounded, nested | B15: =ROUND(AVERAGE(Sales!B2:E13)*1.1,2) -> 3264.34
A16: Regions counted | B16: =COUNTA(Regions) -> 4
A18: Region totals
A19: =Sales!B1 -> North | B19: =Sales!C1 -> South | C19: =Sales!D1 -> East | D19: =Sales!E1 -> West
A20: =Sales!B14 -> 28524 | B20: =Sales!C14 -> 33960 | C20: =Sales!D14 -> 38329 | D20: =Sales!E14 -> 41631

Sheet Charts

Sheet Data types
A1: Kind | B1: Value | C1: Hidden | D1: Note
A2: Integer | B2: 42 | C2: hidden 0 | D2: plain
A3: Decimal | B3: 3.14159 | C3: hidden 1 | D3: three decimals
A4: Currency | B4: 1234.5 | C4: hidden 2 | D4: pounds
A5: Percent | B5: 0.256 | C5: hidden 3
A6: Date | B6: 2026-09-10 | C6: hidden 4
A7: Time | B7: 18:00:00.000 | C7: hidden 5
A8: Fraction | B8: 0.375 | C8: hidden 6
A9: Scientific | B9: 123456789 | C9: hidden 7
A10: Boolean | B10: TRUE | C10: hidden 8
A11: Negative in red | B11: -987.65 | C11: hidden 9
A12: Thousands | B12: 9876543 | C12: hidden 10
A13: Accounting | B13: 42.5 | C13: hidden 11
A14: Division by zero | B14: =1/0 -> #DIV/0!
A15: Not available | B15: =NA() -> #N/A
A16: From another sheet | B16: =Sales!F14 -> 142444
A17: Long text, wrapped | B17: A sentence long enough to need wrapping inside its cell, which is what this column is for.
A18: Rich text | B18: Bold start, red middle, plain end
A19: Rotated | B19: Up at 45 degrees
A20: Merged across | B20: One cell across three columns
A21: Superscript | B21: E = mc2
A22: Unicode | B22: Café — naïve • 日本語 • العربية • Ωmega • ✓
A23: Big font | B23: Twenty-four point
A24: Fill and border | B24: Boxed
A25: Indented, right | B25: right
A27: Grouped rows below
A28: one
A29: two
A30: three

Sheet Table
A1: Product | B1: Quantity | C1: Price | D1: Amount
A2: Desk | B2: 4 | C2: 249.99 | D2: =B2*C2 -> 999.96
A3: Chair | B3: 12 | C3: 89.5 | D3: =B3*C3 -> 1074
A4: Lamp | B4: 7 | C4: 34.25 | D4: =B4*C4 -> 239.75
A5: Shelf | B5: 3 | C5: 129 | D5: =B5*C5 -> 387
A6: Monitor | B6: 6 | C6: 219.99 | D6: =B6*C6 -> 1319.94
A7: Cable | B7: 40 | C7: 4.75 | D7: =B7*C7 -> 190
A8: Total | D8: =SUBTOTAL(109,Orders[Amount]) -> 4210.65
A10: Structured reference | B10: =SUM(Orders[Amount]) -> 4210.65
